{"cameraMode":{"drawMode":0,"name":"Shaded","section":"Shading Mode"},"sceneLighting":true,"audioPlay":false,"sceneViewState":{"m_AlwaysRefresh":false,"showFog":true,"showSkybox":true,"showFlares":true,"showImageEffects":true,"showParticleSystems":true,"showVisualEffectGraphs":true,"m_FxEnabled":true},"in2DMode":false,"pivot":{"x":-68.24221801757813,"y":5.858048439025879,"z":-11.80856704711914},"rotation":{"x":-0.019159547984600068,"y":0.6688618659973145,"z":-0.017291389405727388,"w":-0.7430556416511536},"size":0.8266246914863586,"orthographic":false}